train_acc,train_loss,val_acc,val_loss
0.03654736842105264,4.3355446,0.062400000000000004,4.0599847
0.0872,3.9314966,0.1152,3.749442
0.12570526315789476,3.6939108,0.15360000000000001,3.549626
